{
    "cameras": {
        "camera0": {
            "P": [
                [
                    1138.74,
                    116.32,
                    -300.44,
                    -1709100.0
                ],
                [
                    -23.888,
                    803.385,
                    -909.278,
                    4846030.0
                ],
                [
                    -0.0726,
                    0.99072,
                    0.12646,
                    4199.48
                ]
            ]
        },
        "camera1": {
            "P": [
                [
                    1143.21,
                    -229.92,
                    191.26,
                    -4098180.0
                ],
                [
                    127.65,
                    730.27,
                    -983.28,
                    5193580.0
                ],
                [
                    0.1358,
                    0.9885,
                    0.07378,
                    4093.18
                ]
            ]
        },
        "camera2": {
            "P": [
                [
                    1047.9,
                    -557.26,
                    386.14,
                    -6193440.0
                ],
                [
                    286.66,
                    585.7,
                    -1013.04,
                    5337840.0
                ],
                [
                    0.3727,
                    0.92668,
                    0.0526,
                    4010.44
                ]
            ]
        },
        "camera3": {
            "P": [
                [
                    872.84,
                    -769.3,
                    452.34,
                    -7337210.0
                ],
                [
                    425.82,
                    427.65,
                    -1015.36,
                    5334780.0
                ],
                [
                    0.5739,
                    0.81852,
                    0.025,
                    4148.7
                ]
            ]
        },
        "camera4": {
            "P": [
                [
                    983.79,
                    -724.24,
                    361.86,
                    -7237360.0
                ],
                [
                    351.69,
                    466.7,
                    -996.42,
                    5281850.0
                ],
                [
                    0.4899,
                    0.87168,
                    -0.007,
                    4126.46
                ]
            ]
        },
        "camera5": {
            "P": [
                [
                    1086.56,
                    -196.66,
                    413.24,
                    -5997280.0
                ],
                [
                    228.15,
                    723.98,
                    -957.75,
                    5209860.0
                ],
                [
                    0.1154,
                    0.99334,
                    -0.0123,
                    4120.91
                ]
            ]
        }
    }
}